{
    "security": {
        "nameIdEncrypted": false,
        "authnRequestsSigned": false,
        "logoutRequestSigned": false,
        "logoutResponseSigned": false,
        "signMetadata": false,
        "wantMessagesSigned": false,
        "wantAssertionsSigned": false,
        "wantNameIdEncrypted": false,
	"signatureAlgorithm": "http://www.w3.org/2000/09/xmldsig#rsa-sha1"
    },
    "contactPerson": {
        "technical": {
            "givenName": "technical_name",
            "emailAddress": "technical@example.com"
        },
        "support": {
            "givenName": "support_name",
            "emailAddress": "support@example.com"
        }
    },
    "organization": {
        "en-US": {
            "name": "sp_test",
            "displayname": "SP test",
            "url": "http://sp.example.com"
        }
    }
}
